Data Ingestion
Data Title,Status
underworked_no_emai,SUCCESS
underworked_email,SUCCESS
all_inds_no_email,SUCCESS
all_inds_email,SUCCESS
company_linkedinURL,SUCCESS
contact_linkedinURL,SUCCESS
bounced_given_contacts,SUCCESS
contact tags,SUCCESS
""
Email Outreach
Low Level Outreach
SDR + Account,Successes,Errors,Duplicates
Ellen Scott-Young: yaronsinger,26,0,14
Duplicated Contacts
Email,SFDC Account: Account Name,First Name
abaruch@spoton.com,SpotOn,Amir
arihant.jain@iifl.com,IIFL,Arihant
danaia@monzo.com,Monzo,Danai
dmartyanov@snap.com,Snap Inc.,Dmitry
eblondel@solocal.com,Solocal,Edouard
hfarinas@fitbit.com,Fitbit,Hulya
jimena@verse.me,Verse,Jimena
jintingzhang@americanexpress.com,American Express,Jinting
ldeoliveira@twilio.com,Twilio,Luke de
mustafa.gueler@adlinktech.com,ADLINK Technology,Mustafa
praveena.pillarisetty@equinox.com,Equinox Holdings,Praveena
richard.salaway@virginpulse.com,Virgin Pulse,Richard
sharad@extend.com,Extend,Sharad
steven@stripe.com,Stripe,Steven
Ellen Scott-Young: yarons,40,0,0
Katherine Hess: yaron_s,24,0,16
Duplicated Contacts
Email,SFDC Account: Account Name,First Name
achala.acharya@deluxe.com,Deluxe,Achala
arvind.pawar@brado.net,Brado,Arvind
brook.peterson@sportsengine.com,SportsEngine,Brook
chrish@zvelo.com,zvelo,Chris
dwadhwa@sentientscience.com,Sentient Science,Deepan
ilias.soumpasis@cmrsurgical.com,CMR Surgical,Ilias
matthew.barty@cmrsurgical.com,CMR Surgical,Matthew
nkumar@csod.com,Saba,Naveen
rsoltani@twitter.com,Twitter,Rohollah
sagar.nangare@gslab.com,gslab,Sagar
sandraduenas@digital.mercer.com,Mercer,Sandra
sara.inigo@vistex.com,Vistex,Sara
sshi@triplelift.com,Triple Lift,Shi
sudharsan.s@concord.net,Concord Technologies,Sudharsan
tan.tran@fmapprovals.com,FM Global,Tan
tatousha_smith@glic.com,Guardian Life,Tatousha
Katherine Hess: ys,4,0,2
Duplicated Contacts
Email,SFDC Account: Account Name,First Name
jenne.zhang@scm.ca,Opta,Jenne
moshe.kellerstein@scm.ca,Opta,Moshe
Sophia Serseri: ysinger,38,0,2
Duplicated Contacts
Email,SFDC Account: Account Name,First Name
idan.sternschuss@appsflyer.com,AppsFlyer,Idan
karina.silveira@lexisnexis.com,LexisNexis,Karina
Sophia Serseri: y-singer,40,0,0
Ryan Hutzley: yaron-singer,29,0,1
Duplicated Contacts
Email,SFDC Account: Account Name,First Name
jonathan@datagen.tech,Datagen Technology,Jonathan
Mark Levinson: yaron_singer,38,0,2
Duplicated Contacts
Email,SFDC Account: Account Name,First Name
johnny.maier@sagen.ca,Sagen,Johnny
saad.joiya@systemsltd.com,Systems limited,Saad
Mark Levinson: y_singer,39,0,1
Duplicated Contacts
Email,SFDC Account: Account Name,First Name
elena@aurorapharmaceutical.com,Vertex Pharmaceuticals,Elena
""
High Level Outreach
SDR + Account,Successes,Errors,Duplicates
Ellen Scott-Young: yaronsinger,6,0,3
Duplicated Contacts
Email,SFDC Account: Account Name,First Name
craig.hartman@broadcom.com,Broadcom,Craig
drapp@proofpoint.com,Proofpoint,Dan
rcourtier@solocal.com,Solocal,Romain
Ellen Scott-Young: yarons,9,0,0
Katherine Hess: yaron_s,4,0,0
Sophia Serseri: ysinger,9,0,0
Sophia Serseri: y-singer,9,0,0
Ryan Hutzley: yaron-singer,3,0,0
Mark Levinson: yaron_singer,9,0,0
Mark Levinson: y_singer,9,0,0
""
Business Value Experiment
SDR + Account,Successes,Errors,Duplicates
Ellen Scott-Young: yaronsinger,5,0,0
Ellen Scott-Young: yarons,5,0,0
Katherine Hess: yaron_s,1,0,0
Sophia Serseri: ysinger,0,0,0
Sophia Serseri: y-singer,5,0,0
Ryan Hutzley: yaron-singer,3,0,1
Duplicated Contacts
Email,SFDC Account: Account Name,First Name
jonathan@datagen.tech,Datagen Technology,Jonathan
Mark Levinson: yaron_singer,1,0,0
Mark Levinson: y_singer,5,0,0
""
